{
  "1": {
    "n_configs": 10,
    "pbo": 0.5593628593628593,
    "ci_lower": 0.5501146076146076,
    "ci_upper": 0.5677583527583528,
    "degradation": 0.34704923207755234
  },
  "2": {
    "n_configs": 50,
    "pbo": 0.43123543123543123,
    "ci_lower": 0.4222222222222222,
    "ci_upper": 0.43924630924630925,
    "degradation": 0.38665758420143787
  },
  "3": {
    "n_configs": 150,
    "pbo": 0.37373737373737376,
    "ci_lower": 0.36487567987567987,
    "ci_upper": 0.38174436674436674,
    "degradation": 0.36717658699335964
  },
  "4": {
    "n_configs": 600,
    "pbo": 0.5697746697746697,
    "ci_lower": 0.5606818181818182,
    "ci_upper": 0.5777000777000777,
    "degradation": 0.5556657744665491
  }
}